"id","latitude","longitude","geohash","music_file_name"
934,"55.79171302849333","38.08888834239995","ucgj6sx6r3je","music1.mp3"
935,"56.08055827663517","37.78970711009328","ucfz5cjsgvzb","music2.mp3"
936,"55.88775163803008","37.2293924032891","ucfmznj9g8p0","music3.mp3"
937,"55.47129880180344","37.7339489024211","ucfgddjp8xxd","music4.mp3"
938,"55.887202835471676","37.19064187500953","ucfmymcqsc8w","music5.mp3"
939,"55.84836735470354","37.91791198777842","ucfvwyfur6hr","music6.mp3"
940,"55.452085239349465","37.95159565138052","ucfgrwexb3bv","music7.mp3"
941,"55.5221786846179","37.65945068871995","ucfgbgwb0u38","music8.mp3"
942,"55.964133800030375","37.48155257684506","ucfwkgvnxqxm","music9.mp3"
943,"55.8447823283133","37.61026744274415","ucftxy4zqvbn","music10.mp3"
944,"55.65667650875729","37.74016354439269","ucfudgcx9s3x","music11.mp3"
945,"56.02828331882274","37.27360339387857","ucfw8ptu3vj0","music12.mp3"
946,"55.73249271517702","37.44206735916149","ucfth1b3r3su","music13.mp3"
947,"55.631676956000746","37.504149891990686","ucfsmrmwn01p","music14.mp3"
948,"55.91639236254959","37.75962454771899","ucfy55r8x50b","music15.mp3"
949,"56.080175147536345","38.12163826427758","ucgp53p6dw3g","music16.mp3"
950,"55.45592398193358","37.22158042932239","ucf7qzryjttb","music17.mp3"
951,"55.594246836938105","37.46624138674069","ucfsk8d5fwy2","music18.mp3"
952,"55.42564205519829","37.99020421313891","ucg523ztgbt3","music19.mp3"
953,"55.92709861645892","37.65098055330237","ucfy0v0wgqvf","music20.mp3"
954,"55.76378625214362","37.14795450600169","ucfmjr6rd54w","music21.mp3"
955,"56.00584674963711","37.97308307869897","ucgn85e1sywc","music22.mp3"
956,"55.90694772099542","37.12746233171555","ucfqhce3sd6m","music23.mp3"
957,"56.02038451648493","37.42331444104489","ucfwew4y6ktf","music24.mp3"
958,"55.81187680146793","37.35521852364237","ucftd01pxxvv","music25.mp3"
959,"55.956896332379245","37.355228831174564","ucfw649hxct2","music26.mp3"
960,"55.36863690757172","37.34157965709308","ucfdcxx39y5b","music27.mp3"
961,"55.81682842136975","37.97621753998779","ucgj81jkw4bn","music28.mp3"
962,"55.52960060665466","37.411382268306","ucfegkf5k7u6","music29.mp3"
963,"56.03258786340562","37.292248820229226","ucfwb87mkrkn","music30.mp3"
964,"55.88441658290407","37.55016212564038","ucftymrnq4q3","music31.mp3"
965,"55.90271086916314","37.53122874916682","ucfwn0c2vh8e","music32.mp3"
966,"55.80195786712147","37.52332868227629","ucftmy7tuyvu","music33.mp3"
967,"55.94733444501971","37.741696558088854","ucfy6bfsv709","music34.mp3"
968,"56.00965895558541","37.36143163474762","ucfwdhjzbmnt","music35.mp3"
969,"56.061350060727804","37.14221399997104","ucfqvjwjh345","music36.mp3"
970,"55.841177517337776","38.093964317648016","ucgjdve4mtyw","music37.mp3"
971,"55.77822385691301","37.824537345229075","ucfvkdngxwe3","music38.mp3"
972,"56.0684710116729","37.29897565784612","ucfwbybq90s1","music39.mp3"
973,"56.132924808861475","37.772274488845504","ucfz7d8vvz95","music40.mp3"
974,"55.391305660366434","37.62827491862304","ucfg078jdrg2","music41.mp3"
975,"55.53390672588619","37.49370327327858","ucfevjwh6we3","music42.mp3"
976,"55.42776203442895","37.813485723152965","ucfgk6qfn5dx","music43.mp3"
977,"55.472083800923286","37.265355860985004","ucf7xfru39zm","music44.mp3"
978,"55.555177151703916","37.20077530277596","ucfkn98b2gss","music45.mp3"
979,"56.03901529984146","37.51043203880934","ucfwv9d6bmt7","music46.mp3"
980,"56.11543119293296","37.560471483352096","ucfxnxw8n6t3","music47.mp3"
981,"55.82145162122083","37.77223285132917","ucfve9bzsbf1","music48.mp3"
982,"55.50891033444905","37.79366215755169","ucfgu10db4v5","music49.mp3"
983,"55.70042709742906","37.62679985862905","ucfub5yyxbpm","music50.mp3"
984,"55.686016624404395","37.75087206469396","ucfug136e1fk","music51.mp3"
985,"55.60900986111581","37.624778183167386","ucfu25m9byu0","music52.mp3"
986,"55.45701120942679","37.48795964507993","ucfemp9usb0t","music53.mp3"
987,"56.09778943571292","37.99565901597122","ucgp0s7971bu","music54.mp3"
988,"55.84197156813348","37.86945726810656","ucfvttxxn3cz","music55.mp3"
989,"55.73338138201617","38.02591119268784","ucgj13cw7zq3","music56.mp3"
990,"56.10572303016519","37.646183392082506","ucfz0ttpe8uf","music57.mp3"
991,"55.746186931373515","37.42475552109016","ucft5s7ch42m","music58.mp3"
992,"55.86901225742906","37.823580388169525","ucfvudwk969x","music59.mp3"
993,"56.115826003351934","37.952245742653474","ucfzpxefrkjs","music60.mp3"
994,"55.632220440156956","37.98874736224976","ucgh2rw91vx1","music61.mp3"
995,"56.013412563973574","37.542316557210086","ucfwwkcmz2uh","music62.mp3"
996,"55.95544412849147","37.29186919542876","ucfw2d7h5dc1","music63.mp3"
997,"56.11039163593336","37.18848869788219","ucfrnnxfdx55","music64.mp3"
998,"55.5150437300438","37.25055243362594","ucf7zdjn8f1p","music65.mp3"
999,"55.43753551033019","37.40264715615534","ucfe7h5g0ceh","music66.mp3"
1000,"55.48454925921291","37.68165783141993","ucfg9kwuym8s","music67.mp3"
1001,"55.705735815829115","37.89827976075268","ucfuykutmvv9","music68.mp3"
1002,"55.86037874773023","37.72739043425773","ucfvf904rcm6","music69.mp3"
1003,"55.81714035983287","37.82823934361735","ucfvsc1wmv5e","music70.mp3"
1004,"55.65840078106818","37.60986116915948","ucfsxu69tmcj","music71.mp3"
1005,"56.05303754975315","38.01566286999459","ucgnch4ht5sc","music72.mp3"
1006,"55.85961834324681","37.775891055692306","ucfvg8gtf59f","music73.mp3"
1007,"55.931572075237476","37.25803035247857","ucfqpy43p09p","music74.mp3"
1008,"55.64851278146717","37.690773698997695","ucfu9dt84dtu","music75.mp3"
1009,"55.86637656451807","37.59713575743776","ucftzd1mhz2m","music76.mp3"
1010,"56.0169751349331","37.2467674659419","ucfqxtd6894b","music77.mp3"
1011,"55.395402988033624","37.48390382221164","ucfehuqvw786","music78.mp3"
1012,"55.56135625499292","37.25104518638","ucfkpdtkk788","music79.mp3"
1013,"56.06979377689684","37.67063360553488","ucfycpnyjrhk","music80.mp3"
1014,"55.93895587795566","37.90082427130854","ucfynrqs11nv","music81.mp3"
1015,"55.5383090612635","37.76306148278509","ucfggq6np55w","music82.mp3"
1016,"55.53114537368909","37.36148969030484","ucfefjju3gcc","music83.mp3"
1017,"56.04959593082643","37.56128555685173","ucfwyex293ur","music84.mp3"
1018,"55.3959547695742","37.79521222932969","ucfghh98u62v","music85.mp3"
1019,"55.6894861001068","37.84347924308232","ucfuv1uybbxk","music86.mp3"
1020,"56.08150207849814","37.47947885141105","ucfxhc7drjsy","music87.mp3"
1021,"55.79797021267665","37.709505046762686","ucfv6jenxpsc","music88.mp3"
1022,"55.86170008672982","37.48486923558002","ucftucr9uz8k","music89.mp3"
1023,"55.36846122154337","37.41417456754614","ucfdgrs0tmq8","music90.mp3"
1024,"56.03548805307177","37.1424500599832","ucfqv0yq3u44","music91.mp3"
1025,"56.045247868778226","37.297553533415126","ucfwbdxppzrt","music92.mp3"
1026,"55.46010522938715","37.29298855530109","ucfe885yt8gw","music93.mp3"
1027,"55.441811552664205","37.222631605777316","ucf7rhbeynvb","music94.mp3"
1028,"55.556106252900285","37.969175698473215","ucgh018mcbv6","music95.mp3"
1029,"55.516950751381394","37.666540098969506","ucfgc4ectvxy","music96.mp3"
1030,"55.839632974094485","37.24588591926714","ucfmxt39kn13","music97.mp3"
1031,"55.92820117820565","37.710489245422245","ucfy4j7vqh6g","music98.mp3"
1032,"55.837367289280735","37.18777418972023","ucfmwhzk1zwn","music99.mp3"
1033,"55.55819604046772","37.473313887889596","ucfshdp1zw2h","music100.mp3"
1034,"55.60647831214754","37.262130624033524","ucfkrfv7nwf7","music101.mp3"
1035,"55.85963752189727","37.633525108338276","ucfvb2gvuxnj","music102.mp3"
1036,"56.1253815984172","37.333683855725","ucfx393d1ckq","music103.mp3"
1037,"55.373368930076005","37.85099301867964","ucfgj26m2045","music104.mp3"
1038,"56.11720847717356","38.00599797140039","ucgp0zg47vy5","music105.mp3"
1039,"55.76167745990306","37.96796269820083","ucfvpzp7mdhf","music106.mp3"
1040,"55.663279321688236","37.27759436474221","ucfs8m0wngm4","music107.mp3"
1041,"55.655676852014494","37.18377104368366","ucfkw5u3udjk","music108.mp3"
1042,"56.115909869083175","38.00221955679388","ucgp0z86ggu9","music109.mp3"
1043,"56.01643892930347","37.337868618918016","ucfw9tkx7mh9","music110.mp3"
1044,"55.913726178388465","37.47317262180539","ucfwhdz1h4n8","music111.mp3"
1045,"55.37504777610249","37.16937320251996","ucf7jb9zj1j6","music112.mp3"
1046,"55.56294332842556","37.83159884662975","ucfuhfujs5ke","music113.mp3"
1047,"56.0846499321891","37.58124613678596","ucfxp1vuf880","music114.mp3"
1048,"55.523090646419305","37.487862022551845","ucfev59v6qrb","music115.mp3"
1049,"55.85486539763776","37.766475744130716","ucfvg2hdntt6","music116.mp3"
1050,"55.85394975136388","37.80183629153526","ucfvspykyduh","music117.mp3"
1051,"55.60581249149731","37.88477923314143","ucfuq4dz76dz","music118.mp3"
1052,"56.0191693288917","37.637037399341224","ucfy8myrqd11","music119.mp3"
1053,"55.9214380809174","37.241118414130604","ucfqpknjuzwe","music120.mp3"
1054,"55.5051234538117","37.78302282538713","ucfggb2ub0zy","music121.mp3"
1055,"55.445067561429596","37.49822489145445","ucfemm3qgvxn","music122.mp3"
1056,"55.713974302852016","37.81376751168033","ucfuuqrjktsd","music123.mp3"
1057,"55.51555388332887","38.053900599579976","ucg5cfq181kf","music124.mp3"
1058,"55.46886201509485","37.47638732894003","ucfescc3x17f","music125.mp3"
1059,"55.83427586093003","37.97097397108502","ucgj8h3d5z6k","music126.mp3"
1060,"55.57946623393429","38.00532621412813","ucgh0vftu73n","music127.mp3"
1061,"55.55825460460145","37.47598717591106","ucfshf14mc33","music128.mp3"
1062,"55.5787814309003","38.09399677698231","ucgh4vg1y7yc","music129.mp3"
1063,"55.62402840460168","37.20485437094959","ucfkqw59ryqj","music130.mp3"
1064,"55.825031092136804","37.20678955404425","ucfmwdthmh11","music131.mp3"
1065,"55.72444442864875","37.4875069295677","ucftj03d6jr4","music132.mp3"
1066,"55.731269560884726","38.06655331572702","ucgj41x4nvxk","music133.mp3"
1067,"55.92540959923747","37.32951260657824","ucfw1kyt0eyn","music134.mp3"
1068,"55.7311202145123","37.88971377743782","ucfvn1w3q3f3","music135.mp3"
1069,"55.38809746923775","38.0180533684113","ucg5155ghcer","music136.mp3"
1070,"55.58910056448404","37.66222924800471","ucfu1p8vcx3t","music137.mp3"
1071,"55.9526989392088","37.55626392205891","ucfwq9gsh7h4","music138.mp3"
1072,"55.546796343205685","37.419395849519965","ucfegrzzx17f","music139.mp3"
1073,"55.501798639896236","38.11623311313429","ucg5erg3kt5m","music140.mp3"
1074,"55.73113289179864","37.69174284553386","ucfv19w33k0m","music141.mp3"
1075,"55.61926271859526","37.994565595042396","ucgh2t4v9w19","music142.mp3"
1076,"55.580728447768614","37.19835389549738","ucfknqpj0qxp","music143.mp3"
1077,"55.90266504740031","37.77595724778335","ucfy58g8es56","music144.mp3"
1078,"55.99019179858384","37.980964702510605","ucgn828ys85z","music145.mp3"
1079,"55.931043934252315","37.431027121318024","ucfw5vbmynkb","music146.mp3"
1080,"55.54448234598996","37.39680439002458","ucfefzxd09yr","music147.mp3"
1081,"56.00512417884424","37.175128246937305","ucfqtgqj7rbd","music148.mp3"
1082,"56.143749990214154","37.13438468025588","ucfrmh8mjcs4","music149.mp3"
1083,"55.41842507541518","37.99714697111363","ucg528setxnq","music150.mp3"
1084,"55.967582588649314","37.540795243304416","ucfwqk86gctf","music151.mp3"
1085,"55.4315281449807","37.15059766821456","ucf7m7h0p9v3","music152.mp3"
1086,"55.64967702423286","37.33477783263971","ucfs9ddqg7sj","music153.mp3"
1087,"55.901218081377415","37.80807916077216","ucfyh2e00n74","music154.mp3"
1088,"55.37022471822876","38.049685827323614","ucg4czffvyn0","music155.mp3"
1089,"56.15216790330151","37.680027530948365","ucfz3qjy06bb","music156.mp3"
1090,"55.94715366665136","37.29714432168036","ucfw28ygy3qe","music157.mp3"
1091,"55.910164520369136","37.981438307080865","ucgn061hrdj4","music158.mp3"
1092,"55.368268409993","37.99570007268311","ucg4bx7xecr6","music159.mp3"
1093,"56.03854742367016","37.12665309741332","ucfqucdb1wrh","music160.mp3"
1094,"55.53589622443099","37.79874217257765","ucfgunh0n92v","music161.mp3"
1095,"55.86048068496245","37.644417201218786","ucfvb95ffkrf","music162.mp3"
1096,"55.49238082090645","37.34724974374099","ucfe9y56tcxc","music163.mp3"
1097,"56.13418607004742","37.89934905393136","ucfzq6vmqfdy","music164.mp3"
1098,"55.50200586806754","37.79332324485514","ucfgspb687b3","music165.mp3"
1099,"55.6020607178974","37.52410570578282","ucfsmfh1rp35","music166.mp3"
1100,"55.86699645083869","38.03138680285363","ucgjc6m8gdcq","music167.mp3"
1101,"56.065223230067","37.78755526061532","ucfygyk59g57","music168.mp3"
1102,"55.5416043874206","38.107600302843515","ucg5gpj173qr","music169.mp3"
1103,"55.45870449814371","38.0408291916026","ucg53xuqref4","music170.mp3"
1104,"56.009595266236346","38.11596257472261","ucgnek5pw339","music171.mp3"
1105,"55.60809525234778","37.651716098219715","ucfu2g1hss63","music172.mp3"
1106,"55.965797603337535","37.87895643200577","ucfymuq87sv4","music173.mp3"
1107,"55.848757230178364","37.14766334200172","ucfmtqfne6cm","music174.mp3"
1108,"56.141166644227695","37.90410397324305","ucfzqs0vvxur","music175.mp3"
1109,"55.72572239606779","37.577738111844866","ucftp0e3bg86","music176.mp3"
1110,"55.96833871308044","37.96973055309653","ucgn2h8xnye0","music177.mp3"
1111,"55.535209124475806","37.46997898710067","ucfeutuu1c36","music178.mp3"
1112,"55.453973690091495","37.93244995473118","ucfgrpjdf1uw","music179.mp3"
1113,"55.479637812650694","37.94763456139066","ucfgxeb87fp4","music180.mp3"
1114,"55.60370247703832","37.72246891992588","ucfu66kej1rt","music181.mp3"
1115,"55.64304408356089","37.74838035596633","ucfudcx81p0q","music182.mp3"
1116,"55.58882647981194","37.40421333763953","ucfs5psumk6f","music183.mp3"
1117,"55.590512686094506","38.07244668940333","ucgh4rgw0q9u","music184.mp3"
1118,"55.653038778893254","37.78709919724114","ucfueg7drnr7","music185.mp3"
1119,"55.614619701461606","37.867661618705625","ucfumsq6skx0","music186.mp3"
1120,"55.432643568812765","37.47595160665224","ucfekg1nscwy","music187.mp3"
1121,"55.85397690262628","37.16718610672844","ucfmtzbkfpyw","music188.mp3"
1122,"55.43433980519766","37.68122628037508","ucfg37w8kjyv","music189.mp3"
1123,"55.73582601740307","38.11294714533352","ucgj563h8p10","music190.mp3"
1124,"55.67583778434813","37.73403568652125","ucfudxmp6b2k","music191.mp3"
1125,"56.036132264662605","37.59733089995076","ucfwz91d1k1v","music192.mp3"
1126,"55.80187182629809","38.09119368809929","ucgj6y3jmnue","music193.mp3"
1127,"55.88037817048939","37.28022618325375","ucftbkdwu1rr","music194.mp3"
1128,"55.928208897660376","37.30319398473323","ucfw0v7m7mv3","music195.mp3"
1129,"55.95294376422354","37.40740153856852","ucfw71zjx8sn","music196.mp3"
1130,"55.521501257038246","37.66057142691143","ucfgbgrs4vvr","music197.mp3"
1131,"55.91568224392011","37.36746693550879","ucfw474hmndu","music198.mp3"
1132,"55.78729951778349","37.139704966671324","ucfmm5u29f7h","music199.mp3"
1133,"55.416272797515404","37.81276272230121","ucfgk2nrjjzr","music200.mp3"
1134,"55.791872363660886","37.51961249700364","ucftmu8gnqff","music201.mp3"
1135,"55.66158149509365","38.01364377354341","ucgh9hbsnng4","music202.mp3"
1136,"55.88622275649709","37.89897473522944","ucfvymv0y55b","music203.mp3"
1137,"55.86578267030804","37.32531586971155","ucftc653ybsw","music204.mp3"
1138,"55.571619541515005","37.23474484778893","ucfkpk980kwn","music205.mp3"
1139,"56.105113910453774","37.411719972350525","ucfx5md7ur22","music206.mp3"
1140,"55.633717622535315","37.12956769243484","ucfkkzucvssk","music207.mp3"
1141,"55.87229393747585","37.19666383449824","ucfmy7jz9n6z","music208.mp3"
1142,"55.91999000456551","37.26770292767945","ucfw05ct83tm","music209.mp3"
1143,"55.89449864031592","37.8218106083843","ucfvuxm101dp","music210.mp3"
1144,"55.625815637169424","38.00364296049882","ucgh2y37v5d5","music211.mp3"
1145,"55.48803294186709","37.489821677707944","ucfetj730pj1","music212.mp3"
1146,"55.83984857343453","37.8928570357869","ucfvwm2dxw4p","music213.mp3"
1147,"55.53892603867423","37.78243105771853","ucfggy83dqnw","music214.mp3"
1148,"56.05734553462996","37.71812436441219","ucfyfkcmxyxg","music215.mp3"
1149,"55.924585468878306","37.90579486794176","ucfynsf0m436","music216.mp3"
1150,"56.11620339695692","37.22938936018399","ucfrpptseds8","music217.mp3"
1151,"55.81581457607481","37.63894626752739","ucfv82zyejbx","music218.mp3"
1152,"56.12174105480922","37.122379882588234","ucfrk8xsy4u9","music219.mp3"
1153,"55.51502498610209","37.582143635808315","ucfez4nqrqtr","music220.mp3"
1154,"55.546708512663244","37.3166952903596","ucfecpvpn0by","music221.mp3"
1155,"56.02646674277904","37.75744845520032","ucfyepq1u66h","music222.mp3"
1156,"55.857841659678286","38.092747782945764","ucgjfbd7927k","music223.mp3"
1157,"55.662267929943745","38.0501474526896","ucgh9v520wy3","music224.mp3"
1158,"55.72813425198194","37.81123413784803","ucfvh2vrct5t","music225.mp3"
1159,"56.068501990196395","37.59784657676011","ucfwzwcytq66","music226.mp3"
1160,"55.89274078721496","37.41257555555329","ucftgqgnb4n3","music227.mp3"
1161,"55.50774957038512","37.46688294166118","ucfeu8fs1dkz","music228.mp3"
1162,"55.88651079180575","37.373204637669616","ucftfmy6db9n","music229.mp3"
1163,"55.66497841590455","38.03643326962797","ucgh9t9210h6","music230.mp3"
1164,"55.58484308698275","37.67490013961508","ucfu1qfj0vc8","music231.mp3"
1165,"55.53029716958447","37.16144151502176","ucf7vsupkmej","music232.mp3"
1166,"55.535462961399816","37.193633716662326","ucf7ymgtd2xk","music233.mp3"
1167,"55.97894073776538","37.68594405519108","ucfy3wdhfnus","music234.mp3"
1168,"55.53441200743525","37.61152875923862","ucfezvezkhsx","music235.mp3"
1169,"55.5063393358699","37.62648311742364","ucfgb0wgbee7","music236.mp3"
1170,"55.83709998655448","37.9049711436191","ucfvwscd9vg5","music237.mp3"
1171,"56.09265037201052","38.121159699359964","ucgp57qgr7uu","music238.mp3"
1172,"55.388811971983465","37.3088814107322","ucfe0gprpyym","music239.mp3"
1173,"55.60605167555245","37.717769601119315","ucfu66c0xxr6","music240.mp3"
1174,"55.974386581131135","37.42578766780583","ucfw7tudkjcv","music241.mp3"
1175,"55.46779103042479","37.4711413437421","ucfes9tekcsj","music242.mp3"
1176,"55.98077357457055","37.46807100657503","ucfwkwgrtkd9","music243.mp3"
1177,"56.10432389621036","37.900543092664655","ucfznmqr6sj0","music244.mp3"
1178,"55.378537003845516","37.453200256832595","ucfeh32e6gd0","music245.mp3"
1179,"56.01429903266125","37.29043341802032","ucfw8t44fn4k","music246.mp3"
1180,"55.85374695001792","37.97660075567842","ucgj8pvewvjf","music247.mp3"
1181,"55.98921233029846","37.41063335043453","ucfwe298fcwh","music248.mp3"
1182,"55.583018439054996","37.46858890384899","ucfshwef93su","music249.mp3"
1183,"55.577732286960064","37.831538490597175","ucfuhvs5f8pw","music250.mp3"
1184,"55.79285499696096","37.511094470354486","ucftmsf8zvgr","music251.mp3"
1185,"55.80328425814281","37.486534020698606","ucftmn8vew1s","music252.mp3"
1186,"55.97437450876188","37.95157833703679","ucfyrtg6rgev","music253.mp3"
1187,"55.960977772784865","37.21703039838521","ucfqqgks7dm5","music254.mp3"
1188,"56.04056605496191","37.67881376597643","ucfyc3uggyxv","music255.mp3"
1189,"55.88856668260522","37.67665863209385","ucfvcq5q3zby","music256.mp3"
1190,"55.74417673501831","38.02804136849884","ucgj17gjmedy","music257.mp3"
1191,"55.40785652286906","38.073796561499606","ucg54qsqpv06","music258.mp3"
1192,"55.665447794195934","37.90904249806833","ucfuwtsd8xwf","music259.mp3"
1193,"55.380302814604285","37.807541066473675","ucfgh3dtes9y","music260.mp3"
1194,"56.07639600259152","37.75097061142109","ucfz503ktmgg","music261.mp3"
1195,"55.878071045044386","37.52384075254118","ucftvuk12g7t","music262.mp3"
1196,"55.58991351663845","37.297392143286494","ucfs0xz4snzq","music263.mp3"
1197,"55.738734772772276","37.2754402263904","ucft04zjstqb","music264.mp3"
1198,"55.90339728187642","37.83248991598127","ucfyhbuubut4","music265.mp3"
1199,"55.37994134811801","38.071913763348675","ucg543e5eck3","music266.mp3"
1200,"55.55804041072713","37.42777200153915","ucfs5dn1433s","music267.mp3"
1201,"55.398237227494036","37.43395497059112","ucfe5ufw47gv","music268.mp3"
1202,"55.889840157708704","37.82261982306618","ucfvuwmtfvm6","music269.mp3"
1203,"55.38212528182391","37.26623748161529","ucfe0402q22t","music270.mp3"
1204,"56.059425339546","37.331884058325684","ucfwct21zfq3","music271.mp3"
1205,"55.86346468442188","37.717787379230025","ucfvf39k20se","music272.mp3"
1206,"55.8884184822879","37.397585340696196","ucftgn0jdukf","music273.mp3"
1207,"55.97397170789399","37.796421928538535","ucfykjf802wg","music274.mp3"
1208,"55.586155981468714","37.607701898991465","ucfspz1hffx0","music275.mp3"
1209,"55.69130477920016","38.01561626741826","ucghc461k5dj","music276.mp3"
1210,"55.73979101140354","37.7273668690476","ucfv4e05z65s","music277.mp3"
1211,"55.756596203329075","37.8810589057144","ucfvnn0jswug","music278.mp3"
1212,"55.9168390009065","37.67701450209293","ucfy177e4n61","music279.mp3"
1213,"55.40174967761972","37.149205475768994","ucf7jme4x4xm","music280.mp3"
1214,"55.65932893816659","37.504527889900956","ucfstkmznffv","music281.mp3"
1215,"55.82387150342502","38.105970667294386","ucgje47vt7zh","music282.mp3"
1216,"55.82907498564192","37.86794552671978","ucfvteqegjfs","music283.mp3"
1217,"55.74333814855357","37.73267752734486","ucfv4eu07p7s","music284.mp3"
1218,"55.76354175297802","37.31517391478864","ucft1pkn4td7","music285.mp3"
1219,"55.771345005957926","37.405177192644665","ucft70veeu1x","music286.mp3"
1220,"55.55233560906172","37.498316896536906","ucfsj2cry1gt","music287.mp3"
1221,"56.036910965987886","37.39426614982105","ucfwfcjwtt3f","music288.mp3"
1222,"55.638559941817114","37.86857850473643","ucfut8xn1g69","music289.mp3"
1223,"55.557993619737545","37.86912316605622","ucfujdp2y88v","music290.mp3"
1224,"56.14273346274762","37.98955451313835","ucgp2krphu0f","music291.mp3"
1225,"55.99977263721719","37.45533467278789","ucfws66nkd1z","music292.mp3"
1226,"56.01838191245547","37.907387618046876","ucfywtg6dpkb","music293.mp3"
1227,"55.44678132735295","37.86062911728103","ucfgmtc2bt5j","music294.mp3"
1228,"55.40635124160135","37.142239112092724","ucf7jnqjkukz","music295.mp3"
1229,"55.3656447744861","37.211253793791286","ucf6yz02m01z","music296.mp3"
1230,"55.45794294809753","37.452551633935244","ucfekrb1gtye","music297.mp3"
1231,"55.87612136136928","37.964741530866256","ucfvzgvjfxgp","music298.mp3"
1232,"55.587315372229526","37.330866949385985","ucfs1rre84xu","music299.mp3"
1233,"56.0307223846526","37.84087101775246","ucfyv04fs5ww","music300.mp3"
1234,"55.95327418794757","37.25528418519825","ucfqrcbrrn33","music301.mp3"
1235,"55.983301462927884","37.49986040818081","ucfwmr6w65f9","music302.mp3"
1236,"55.355013114389195","38.107698142654364","ucg4gjj4mdr5","music303.mp3"
1237,"55.46906407841346","37.14521978814874","ucf7t3b6dqgr","music304.mp3"
1238,"56.11321483952887","37.70304416264125","ucfz1zne0t7k","music305.mp3"
1239,"56.04127339766618","37.8358399198458","ucfyufp0nfx1","music306.mp3"
1240,"55.95246984567431","37.830977371107444","ucfykcgdv8m7","music307.mp3"
1241,"55.59356904187262","37.356192912947584","ucfs609bn2kk","music308.mp3"
1242,"55.87398998415446","37.402307623536096","ucftg5e98ftu","music309.mp3"
1243,"55.78518144453826","37.6502617384193","ucfv2g2h4xtc","music310.mp3"
1244,"55.593758313072854","37.429352162873016","ucfs78x1p5ev","music311.mp3"
1245,"56.02304343181574","37.98012908129617","ucgn8q8mchhz","music312.mp3"
1246,"55.87066426150369","38.076912561603166","ucgjf6yy0qey","music313.mp3"
1247,"55.50096198352631","37.57231992033324","ucfewzxkd90q","music314.mp3"
1248,"55.80647198472435","37.67863754681969","ucfv3rk8rbkk","music315.mp3"
1249,"56.093643113622676","37.58753210934861","ucfxp7d3huzq","music316.mp3"
1250,"55.38890199621611","37.594298062211145","ucfep7prdxsq","music317.mp3"
1251,"56.078296332456446","37.662956401469906","ucfz109rf2pg","music318.mp3"
1252,"56.07746306312967","37.739775149672774","ucfz4b96bkzc","music319.mp3"
1253,"55.36248652257772","37.17362313466292","ucf6vymjb5qr","music320.mp3"
1254,"55.42499171823734","37.64538428971127","ucfg29u9cp31","music321.mp3"
1255,"56.034115839750356","37.62594092655983","ucfyb0wq7ur0","music322.mp3"
1256,"55.83452222954289","37.61190004621577","ucftxuk5sv36","music323.mp3"
1257,"55.50376766921704","37.698776163482286","ucfgcb5kvhhy","music324.mp3"
1258,"56.022159416259605","37.864952931698596","ucfytws2tr7m","music325.mp3"
1259,"55.37022248768718","37.98846718018727","ucg4bry6gmw4","music326.mp3"
1260,"56.04915671661708","37.182302267565284","ucfqy57q42n5","music327.mp3"
1261,"55.90352124361892","37.65108394727129","ucfy0bbttgej","music328.mp3"
1262,"55.58019744669327","37.35146912478275","ucfs1ynd07f0","music329.mp3"
1263,"55.907089539009135","37.53801370884218","ucfwn1w67hge","music330.mp3"
1264,"55.942106748123464","37.824475312192426","ucfyhxyyqhsc","music331.mp3"
1265,"55.799766740199864","37.339889015522076","ucft3wn14qrm","music332.mp3"
1266,"55.50812572465287","38.025310631473324","ucg5c2cnmbwe","music333.mp3"
1267,"55.89648028906352","37.60593602863722","ucftzxxu9g4k","music334.mp3"
1268,"56.09430469280874","38.00479119750938","ucgp0gdjpb63","music335.mp3"
1269,"55.741873401098175","37.273822358467505","ucft05mzzn26","music336.mp3"
1270,"55.89778775047075","37.91320358038326","ucfvyxzs1wvs","music337.mp3"
1271,"55.53746859016664","37.78679662254507","ucfggy790nt8","music338.mp3"
1272,"56.08796560618137","37.91051882807617","ucfzndt854ee","music339.mp3"
1273,"55.90154574949399","37.27779574149637","ucfw028f5e7j","music340.mp3"
1274,"55.76661657665467","37.55772173324746","ucftq8h8n6g1","music341.mp3"
1275,"55.50056147981695","37.50402188847744","ucfetrtd5n99","music342.mp3"
1276,"55.53033830154372","37.38206114085168","ucfefsuz9jm4","music343.mp3"
1277,"56.001762914864656","37.16777003093519","ucfqtfb9zv60","music344.mp3"
1278,"55.869106811532596","37.76342752413421","ucfvg6dmpsk7","music345.mp3"
1279,"55.74483269355556","37.79851749492659","ucfvhhh11mcr","music346.mp3"
1280,"56.08439646790266","37.39349730914863","ucfx4cv579k8","music347.mp3"
1281,"55.55413499232327","37.91561595473896","ucfunc363ck7","music348.mp3"
1282,"55.8448019061486","37.29297214752494","ucft8w5zt1xe","music349.mp3"
1283,"55.856058209762764","38.009543009663545","ucgjbbm9necm","music350.mp3"
1284,"55.36063729550755","37.25768067269695","ucf6zy45nfu2","music351.mp3"
1285,"55.93867452862755","38.07394935674872","ucgn4rkd7kdr","music352.mp3"
1286,"55.59098887909012","37.839765738420475","ucfum040frqm","music353.mp3"
1287,"55.53547488183461","37.67240807599956","ucfgcmbjwdz7","music354.mp3"
1288,"55.82537962771096","37.68092235722695","ucfv96wqmjh0","music355.mp3"
1289,"56.00500047103752","37.99396207879158","ucgn8e6kg2z2","music356.mp3"
1290,"55.970031107155194","37.62449940751164","ucfy2jj346h0","music357.mp3"
1291,"55.659783564188515","37.31218186139669","ucfs9h9cszem","music358.mp3"
1292,"55.75545896902185","37.24308537288107","ucfmpmzx4fc5","music359.mp3"
1293,"55.779598590150336","37.77795997227503","ucfv7dm5dqbd","music360.mp3"
1294,"55.43859924443792","37.500390156507166","ucfemk6cnrvt","music361.mp3"
1295,"55.69184157811728","37.21473643558959","ucfkyf6uqpwx","music362.mp3"
1296,"56.00798435610841","38.09324120257363","ucgndgfwhv52","music363.mp3"
1297,"55.51428131833406","37.23292527688101","ucf7z604nh17","music364.mp3"
1298,"55.751356790217486","37.60415853528982","ucftptnx0qhv","music365.mp3"
1299,"55.84756968282987","37.79092680626141","ucfveywx8mt3","music366.mp3"
1300,"55.82781195960921","37.24472516163096","ucfmxe0u8fry","music367.mp3"
1301,"55.60451686880095","37.95097330528032","ucfurd7pcc0x","music368.mp3"
1302,"55.63009970979055","38.085457689783254","ucgh6xhuz6pw","music369.mp3"
1303,"55.477577998362314","37.80163112079957","ucfgs5qk3f55","music370.mp3"
1304,"55.857981698515445","37.43616514792492","ucftgbshmf7z","music371.mp3"
1305,"55.376984292732246","38.014419134318125","ucg5111624j6","music372.mp3"
1306,"55.49566668100077","38.038543958191504","ucg59wdvdq44","music373.mp3"
1307,"55.39224506133619","37.129301075671265","ucf7hguepqvs","music374.mp3"
1308,"55.87747679491468","37.74808438641276","ucfvfupmfheu","music375.mp3"
1309,"56.04832759287954","37.147927214249684","ucfqv7631mw1","music376.mp3"
1310,"55.44246608839384","37.15164317913437","ucf7mkvpb0bb","music377.mp3"
1311,"55.385259700941134","37.60343641945555","ucfepdtfx8dr","music378.mp3"
1312,"55.487519520535386","37.47360566782244","ucfestpqnr3d","music379.mp3"
1313,"55.48395052524623","37.615788243828234","ucfexuwcrqh8","music380.mp3"
1314,"55.96763146258352","37.52710350717164","ucfwmuw7hfsw","music381.mp3"
1315,"55.989560466511094","37.33186411494607","ucfw9884z6x3","music382.mp3"
1316,"55.74136686273693","37.73739147451015","ucfv4ersbzyt","music383.mp3"
1317,"55.72342333699119","37.5213821633876","ucftjb4hrwfr","music384.mp3"
1318,"55.994969987207945","37.3558235819517","ucfwd19dmfby","music385.mp3"
1319,"55.779853898729975","37.55764878135131","ucftqdkthwkt","music386.mp3"
1320,"55.51559431315961","38.035935046550385","ucg5cd2cv8bg","music387.mp3"
1321,"55.49360926075138","37.480046972905676","ucfesyk1sqs9","music388.mp3"
1322,"56.02730869976422","37.430468167208346","ucfwez2n9p7f","music389.mp3"
1323,"55.85834384062673","37.48224602544057","ucftubtwrwh2","music390.mp3"
1324,"55.84241426700463","37.360351534885766","ucftdjucxk90","music391.mp3"
1325,"55.37759503174321","37.61125598698439","ucfepc5tvgcj","music392.mp3"
1326,"55.62788542255434","37.31659760310914","ucfs3ntpgtrv","music393.mp3"
1327,"56.143452495063634","37.89376322586325","ucfzqk97kdjg","music394.mp3"
1328,"56.00917700844185","37.5599697006373","ucfwwsnm4er6","music395.mp3"
1329,"55.839338520460494","37.276295435549926","ucft8jpz8xhk","music396.mp3"
1330,"55.60042323169606","37.93181590898831","ucfur1tpgq5g","music397.mp3"
1331,"55.705345782750115","37.23312688953951","ucfkzkb74tpe","music398.mp3"
1332,"56.01696422361573","37.79888159979199","ucfysjs63ybz","music399.mp3"
1333,"55.72167205885807","37.388523443250705","ucfsfzc6r8x9","music400.mp3"
1334,"55.4200427238256","37.60372666220771","ucfer8yjnkfb","music401.mp3"
1335,"56.08343167312895","37.823044923474676","ucfzh9tvsv6m","music402.mp3"
1336,"55.72048063737587","37.21784563667107","ucfkyzt5qdmj","music403.mp3"
1337,"55.950660736371105","37.54144761298994","ucfwq38b5ph5","music404.mp3"
1338,"55.9284426198549","37.689579036005384","ucfy1tkwyc75","music405.mp3"
1339,"55.767863884077286","37.86971651362708","ucfvm8pzk776","music406.mp3"
1340,"55.6613773826115","37.31481225875025","ucfs9hgg40u9","music407.mp3"
1341,"55.380768283245","37.75654359741746","ucfg51v2r5rq","music408.mp3"
1342,"55.4946540217467","37.341661585009135","ucfe9wrrgc2c","music409.mp3"
1343,"55.58079779202716","37.72782133586197","ucfu4w0t9gwt","music410.mp3"
1344,"56.1064967156742","38.012705951074764","ucgp1jbh01pc","music411.mp3"
1345,"55.59750428803881","37.64026358625622","ucfu290yctyz","music412.mp3"
1346,"55.41739153345103","37.62615423052249","ucfg20qt8yw1","music413.mp3"
1347,"55.60021983151828","38.06733026492852","ucgh61xyc04y","music414.mp3"
1348,"55.757054119337454","37.17457711948927","ucfmjym8qkjz","music415.mp3"
1349,"56.110647498735055","37.73616518407892","ucfz4wwshqu1","music416.mp3"
1350,"55.55737557632965","38.090989239626786","ucgh4ccj0mkn","music417.mp3"
1351,"56.061799571239845","37.37326271026359","ucfwfmwrshuk","music418.mp3"
1352,"55.695432260589655","38.01360934347112","ucghc509mm1d","music419.mp3"
1353,"55.778160015228295","37.45535357916846","ucftk645kfxu","music420.mp3"
1354,"55.566171919963686","37.63276512243735","ucfu07e26vpw","music421.mp3"
1355,"55.731412067847124","37.604856299914815","ucftp9x508jn","music422.mp3"
1356,"55.404445807324635","37.94415712678691","ucfgpqn46cq0","music423.mp3"
1357,"55.81579686782627","37.371491801212834","ucftd2vndfsj","music424.mp3"
1358,"55.35832124734416","37.17380523239622","ucf6vvtjs7n1","music425.mp3"
1359,"55.75490892904708","37.83911943121264","ucfvjjcegkk6","music426.mp3"
1360,"55.389462251130894","37.158170333428224","ucf7je3g005u","music427.mp3"
1361,"55.90448051629261","38.060121401527084","ucgn414e1n7r","music428.mp3"
1362,"55.36625509902987","37.68177629803417","ucffcrp5c40b","music429.mp3"
1363,"56.061894679535996","37.16187648600211","ucfqvtu2nqxs","music430.mp3"
1364,"56.13901805266243","38.11643681548753","ucgp77g93r7q","music431.mp3"
1365,"56.15214613663767","37.29548188622782","ucfx2wjtzwwy","music432.mp3"
1366,"55.626688132487544","37.99925990624184","ucgh2ww0yyjz","music433.mp3"
1367,"55.92529945816402","37.465565673658865","ucfwhscs6zqt","music434.mp3"
1368,"56.003596661194166","37.63568331682024","ucfy87jkwgp6","music435.mp3"
1369,"56.077978484031775","37.17089930812701","ucfrjbejbsz7","music436.mp3"
1370,"55.37106530188908","37.45016198219751","ucfdupyru48w","music437.mp3"
1371,"56.07616326903865","38.00654278002171","ucgp0b7e2dkr","music438.mp3"
1372,"55.47061219692572","37.21935201638767","ucf7wfn79z86","music439.mp3"
1373,"56.015290612238594","37.40034336888113","ucfwej60envr","music440.mp3"
1374,"55.397517957204855","37.2639933730515","ucf7puyccvz6","music441.mp3"
1375,"55.367760989981974","37.64219597479024","ucffbx6hwdxx","music442.mp3"
1376,"56.018102797912206","37.3491358531223","ucfw9vuc1gnp","music443.mp3"
1377,"55.7919472053981","37.972881401433376","ucgj2he58kb8","music444.mp3"
1378,"55.45177941186863","37.276785843988336","ucfe2q8nh0fh","music445.mp3"
1379,"55.77807825768844","37.470567355765034","ucftkdj4ze2j","music446.mp3"
1380,"55.73178634856114","37.42852874346274","ucft59wt5vvz","music447.mp3"
1381,"55.6107700270038","37.49296982620766","ucfsm5ts1wbs","music448.mp3"
1382,"55.46088584032688","37.73588125655302","ucfgd8q7jf2q","music449.mp3"
1383,"55.4588713339227","38.00200107484933","ucg52zbpqfcv","music450.mp3"
1384,"56.104076831435215","37.86549383824688","ucfzjtkvcvyw","music451.mp3"
1385,"55.852678989015395","38.09058384452871","ucgjdz8tqvvz","music452.mp3"
1386,"56.08430786533989","38.09998009091543","ucgp4czdcbsp","music453.mp3"
1387,"55.72742178753073","37.38802874592943","ucft4bc5u0qg","music454.mp3"
1388,"55.62474123708602","38.07441125742282","ucgh6qhvw56d","music455.mp3"
1389,"55.655013637160934","37.35820606865919","ucfsd5emvq92","music456.mp3"
1390,"56.13163830925232","37.665506155459454","ucfz347nmzv1","music457.mp3"
1391,"55.550059011205455","38.01292594190312","ucgh1084t3ec","music458.mp3"
1392,"55.478489850767055","37.981743850033965","ucg58793wu0f","music459.mp3"
1393,"55.97511018454199","37.411334606524974","ucfw7mfnekbf","music460.mp3"
1394,"55.64975068835501","37.37420111440495","ucfsd6xp612j","music461.mp3"
1395,"55.81999659404503","37.847556688457466","ucfvt1xxpcx9","music462.mp3"
1396,"55.55821618435003","38.07198331805385","ucgh4654jd0k","music463.mp3"
1397,"56.0579711259637","37.24949547111531","ucfqzth325hz","music464.mp3"
1398,"55.82340373709374","37.78521287010494","ucfvef66gk8y","music465.mp3"
1399,"55.583554669428885","37.480178009464424","ucfshysjxmw6","music466.mp3"
1400,"55.44309595873291","38.03999254550194","ucg53t5gkn4m","music467.mp3"
1401,"55.63138086184015","37.230222153518795","ucfkrpqhr119","music468.mp3"
1402,"55.71244135408343","37.45985745519115","ucfsuqjkmzy1","music469.mp3"
1403,"55.719271358728705","37.89968799879841","ucfuyrmsq9p8","music470.mp3"
1404,"55.91326912042563","37.19086358829555","ucfqn69w3uvf","music471.mp3"
1405,"55.843839660954075","37.95624520674973","ucfvxwncuw5z","music472.mp3"
1406,"55.707641609077285","37.37486936183464","ucfsfmr8994d","music473.mp3"
1407,"56.13254574895883","37.95805683655643","ucfzrf85ybfw","music474.mp3"
1408,"55.59529997238046","37.35195407073082","ucfs3byf5e5d","music475.mp3"
1409,"55.440731232326144","38.11783439698578","ucg57kst9vm7","music476.mp3"
1410,"55.770574690695724","37.463507569622216","ucftk88p4uxu","music477.mp3"
1411,"55.603032684261116","37.165848478441376","ucfkmdpr5h91","music478.mp3"
1412,"56.12960240745956","37.213688005934124","ucfrqf44tu2b","music479.mp3"
1413,"56.150906890971655","37.19158111197855","ucfrqmfndxsy","music480.mp3"
1414,"56.02144383588511","37.44418299504573","ucfwsn6h8dn3","music481.mp3"
1415,"55.70727282617156","37.29512030429423","ucfsbtjqrk36","music482.mp3"
1416,"55.503799754317214","37.79423897573399","ucfgu00vjd5n","music483.mp3"
1417,"55.59107852149436","37.842697535191306","ucfum0h1wb0k","music484.mp3"
1418,"56.029539088724945","37.63409108305841","ucfy8ru79zh5","music485.mp3"
1419,"55.626949882456984","37.37914906800061","ucfs6wddmr19","music486.mp3"
1420,"55.92061532893476","37.281686418534136","ucfw0k59nq0r","music487.mp3"
1421,"55.58222121013839","37.85396025743143","ucfujqkmvjn8","music488.mp3"
1422,"55.928314146830104","37.13917522585869","ucfqjj7yj92j","music489.mp3"
1423,"55.429359111902926","37.50962364476624","ucfemd9emt6w","music490.mp3"
1424,"55.73045242968511","37.762642797100156","ucfv533vmm76","music491.mp3"
1425,"55.35322732552295","37.29910663325413","ucfdbu8rujmw","music492.mp3"
1426,"56.12066349726383","37.345029080338705","ucfx3b3yd1zv","music493.mp3"
1427,"56.09787983336884","38.01530130628943","ucgp1h3cudxp","music494.mp3"
1428,"56.003981470036365","37.2090263635399","ucfqwenyc4uf","music495.mp3"
1429,"55.57169569064214","37.771652950617096","ucfu5s82x6cv","music496.mp3"
1430,"56.02161581485469","37.869063284039036","ucfytwrmt4h5","music497.mp3"
1431,"55.799695890131595","37.7882507841242","ucfv7yh8f14p","music498.mp3"
1432,"55.87646275995952","37.944260655068526","ucfvz7ypvre7","music499.mp3"
1433,"55.583762246566394","37.80220810674208","ucfuhnwwzk32","music500.mp3"
1434,"55.95008670280849","37.65194649552735","ucfy2c3kcun5","music501.mp3"
1435,"55.932851105461246","37.2296203445558","ucfqpnmb3p0v","music502.mp3"
1436,"55.65898871741656","37.698757349428035","ucfu9u7mhewb","music503.mp3"
1437,"55.568775372340156","37.51568771110419","ucfsjeypdfs2","music504.mp3"
1438,"55.79073584909525","37.7770995617625","ucfv7skkw4zn","music505.mp3"
1439,"56.04966152057731","37.61149841742436","ucfwzgebgqjy","music506.mp3"
1440,"55.42715365335178","38.00932740059729","ucg52fjw9d2d","music507.mp3"
1441,"55.867284454655106","37.37365849958679","ucftf6qdt2es","music508.mp3"
1442,"55.985193408590575","38.11303915687056","ucgn7rc16hmz","music509.mp3"
1443,"55.91027715544059","37.58621203384572","ucfwp61kypp4","music510.mp3"
1444,"55.661505059102105","37.290936225013155","ucfs8sf7vb96","music511.mp3"
1445,"55.90304179360455","37.43714962097378","ucfw5bufuf61","music512.mp3"
1446,"56.120239480741965","38.04287786114493","ucgp38mup6cs","music513.mp3"
1447,"55.82287711545916","37.34753585035096","ucft9f5xudt0","music514.mp3"
1448,"55.77757851841874","37.66398488340108","ucfv31fpfqq8","music515.mp3"
1449,"55.841909344983904","37.5953407773659","ucftxt8ndymu","music516.mp3"
1450,"55.72240669957395","37.679055786824875","ucfucrvn99kr","music517.mp3"
1451,"55.73949174865081","37.68936027784543","ucfv1ehd1drg","music518.mp3"
1452,"55.75889446290717","37.75838474263594","ucfv5nwg45k3","music519.mp3"
1453,"55.42545053324841","38.08454098930818","ucg569ukdhu4","music520.mp3"
1454,"56.013876277952754","37.31768447556451","ucfw9jjbmp67","music521.mp3"
1455,"56.00347278451493","37.8229152949175","ucfysejgcgcz","music522.mp3"
1456,"55.41104170195259","37.90492061563417","ucfgnx388wv6","music523.mp3"
1457,"55.63319650292457","37.21337421713741","ucfkqz9yy7qz","music524.mp3"
1458,"55.446755968365494","37.264154291181526","ucf7rvybv8rq","music525.mp3"
1459,"55.85174684740905","37.25864458938908","ucfmxzdbj25p","music526.mp3"
1460,"55.36747787547205","37.27723430714335","ucfdbr26ytbw","music527.mp3"
1461,"55.73929993530052","37.786721786640676","ucfv5g52yqtg","music528.mp3"
1462,"56.13296458404762","37.556726287310674","ucfxqdeypphb","music529.mp3"
1463,"56.05467923001925","37.65842309649595","ucfybuqn0ve6","music530.mp3"
1464,"56.02189412080047","37.166609393665595","ucfqtwrzhvbx","music531.mp3"
1465,"55.479106639510995","38.01370058531752","ucg5958tprj9","music532.mp3"
1466,"56.0057476803028","37.55743254278694","ucfwwes3ps56","music533.mp3"
1467,"55.78484703215207","37.14825521645599","ucfmm76d314w","music534.mp3"
1468,"55.38701239380831","37.57878049971137","ucfep4uh9p3w","music535.mp3"
1469,"56.054716247756694","37.19123568728793","ucfqyk3y6s7r","music536.mp3"
1470,"55.59764242411969","38.049535483096214","ucgh3c4zdrwp","music537.mp3"
1471,"55.645838816357156","38.10142332663067","ucghe408e80q","music538.mp3"
1472,"55.92489303081449","37.70660258158336","ucfy4hc45e8t","music539.mp3"
1473,"56.065850176958584","37.15782161925381","ucfqvw3rpzzz","music540.mp3"
1474,"55.580384699902815","37.49601199434253","ucfsjnpg0qsv","music541.mp3"
1475,"55.43749524889794","37.443231011297456","ucfekh16fd0s","music542.mp3"
1476,"55.50506453135735","37.48344833217063","ucfeubqs7tuy","music543.mp3"
1477,"55.45080267825445","37.63641058977585","ucfg2qtbrfvf","music544.mp3"
1478,"55.98565044733565","37.90155739097392","ucfyqrzh439t","music545.mp3"
1479,"55.626472871437144","37.42562383534124","ucfs7wkx8npg","music546.mp3"
1480,"55.38189775939198","38.03502570213251","ucg519bqbq48","music547.mp3"
1481,"56.143839905721784","37.7178912745821","ucfz6k9mdd64","music548.mp3"
1482,"55.3749618706079","37.331127489558135","ucfe12xww344","music549.mp3"
1483,"55.35794495784387","37.2974289019593","ucfdbtx5mhfs","music550.mp3"
1484,"55.37330081315726","37.19094547125468","ucf7n23sgg6v","music551.mp3"
1485,"56.005681306451805","37.77815708906015","ucfyeet0wzew","music552.mp3"
1486,"55.81665076192745","37.20973692706308","ucfmw9p799yg","music553.mp3"
1487,"55.60915564650217","37.96579896994888","ucfurgmfg1zw","music554.mp3"
1488,"55.495229233578115","38.08714438190151","ucg5dww5nu91","music555.mp3"
1489,"55.91384572697916","37.87112930348008","ucfyjfbcv229","music556.mp3"
1490,"55.668709169588766","37.24043418380504","ucfkxqjttp83","music557.mp3"
1491,"56.12379175186002","38.10958239087492","ucgp71n8c9h4","music558.mp3"
1492,"55.60770622701813","37.60195046993636","ucfsrehfkgy2","music559.mp3"
1493,"55.56725495608398","37.907466871924264","ucfuneeqezpg","music560.mp3"
1494,"55.47408201378382","37.40867575155409","ucfee68pvq6k","music561.mp3"
1495,"55.50688850465185","37.49600676573719","ucfev0xz03cp","music562.mp3"
1496,"55.51532511465786","37.34176551856371","ucfecdr2nnwm","music563.mp3"
1497,"55.39735472378412","37.151823875664554","ucf7jkv0uprs","music564.mp3"
1498,"55.80947403157737","38.11523494328574","ucgj7rf9v250","music565.mp3"
1499,"55.42570666386566","37.686987459335676","ucfg39fy4kwd","music566.mp3"
1500,"55.79693045559533","37.360677744875865","ucft6jt0wvsq","music567.mp3"
1501,"55.444985407697395","37.73644321521652","ucfg6tqy6y7s","music568.mp3"
1502,"56.11000214870089","37.34439106217373","ucfx1y927qs0","music569.mp3"
1503,"55.5473897194588","37.5962207226935","ucfsp80dzryn","music570.mp3"
1504,"55.847183786809005","37.880679458929805","ucfvtyxv7v9g","music571.mp3"
1505,"55.52562100080622","37.455685065783186","ucfeuk4khtzn","music572.mp3"
1506,"55.71612534108715","37.74884614124085","ucfufyzcgyec","music573.mp3"
1507,"56.08202011726158","38.072145441322114","ucgp437m3q30","music574.mp3"
1508,"56.11382484009604","37.48401253180082","ucfxhzpn8z1e","music575.mp3"
1509,"55.577091725836375","37.17216202300096","ucfkjvebn0uc","music576.mp3"
1510,"55.946217517452986","38.12104094336667","ucgn72wykdu6","music577.mp3"
1511,"55.601829142624844","38.078254180004954","ucgh66p8pshn","music578.mp3"
1512,"55.8092817305504","38.020836737642746","ucgj3pvbtsnt","music579.mp3"
1513,"55.97523728173471","37.3327219532432","ucfw3tbz7kx0","music580.mp3"
1514,"56.02731321899025","37.45809738030025","ucfwsrknubjv","music581.mp3"
1515,"56.09191996004552","38.10954356283658","ucgp55nx0exr","music582.mp3"
1516,"55.56467324453689","37.94542548729374","ucfup7pp8mzf","music583.mp3"
1517,"55.706742698790315","37.86143102586358","ucfuvt1g733p","music584.mp3"
1518,"55.53626518275917","37.20484246689752","ucf7yw5dpwjm","music585.mp3"
1519,"55.82415040849981","37.25705394937296","ucfmxf3z0rbu","music586.mp3"
1520,"56.089588476916944","37.4706906099504","ucfxhdv3d3h5","music587.mp3"
1521,"55.48322865803577","38.04546477828526","ucg59srv5x6w","music588.mp3"
1522,"55.36468535826228","37.913828927418976","ucffyyb48jru","music589.mp3"
1523,"55.87118143803244","37.736984787187566","ucfvfep1prp7","music590.mp3"
1524,"55.63659443046798","37.651237522228826","ucfu8b2f9kvt","music591.mp3"
1525,"55.908770499590496","37.70895862568285","ucfy41fu4qjw","music592.mp3"
1526,"55.986376703080104","37.86003323158832","ucfyt80b69nc","music593.mp3"
1527,"55.47923802504974","37.46286735985303","ucfes7xtupd9","music594.mp3"
1528,"55.99009528915479","37.681898086103644","ucfy92xjgy78","music595.mp3"
1529,"55.96058611613906","37.64477815531911","ucfy2ek44cm4","music596.mp3"
1530,"55.9207848643365","37.569659224792034","ucfwnuj6htb7","music597.mp3"
1531,"55.83738915245553","37.595349447431154","ucftxsbh75u2","music598.mp3"
1532,"55.62132856496218","37.9003073206073","ucfuqmw1tpjk","music599.mp3"
1533,"55.53857967684354","37.140558442415305","ucf7vnkzttxs","music600.mp3"
1534,"55.81212512336398","37.553443440351245","ucftw8394why","music601.mp3"
1535,"55.84495702763502","37.503186810891016","ucfttqkbrwdb","music602.mp3"
1536,"56.07150946385478","37.781942078833545","ucfygxxbpncy","music603.mp3"
1537,"55.75925621584837","37.398660197886244","ucft5n8v5ywp","music604.mp3"
1538,"55.52132922739222","37.77066068255332","ucfgg7rg0jvv","music605.mp3"
1539,"55.86262775445888","37.88601116783449","ucfvy17z2h96","music606.mp3"
1540,"56.113146579077224","37.31837265627471","ucfx1pn6v0et","music607.mp3"
1541,"55.9024623050558","38.108429791800354","ucgn50txqy2b","music608.mp3"
1542,"55.856774637519706","37.8424097571656","ucfvv0kj213z","music609.mp3"
1543,"55.934040453114136","37.5335355077455","ucfwnn7p6ube","music610.mp3"
1544,"55.613754372582996","37.61898691722102","ucfu2h1m9gjw","music611.mp3"
1545,"55.38392254840466","37.3022702064632","ucfe0f6dtzkw","music612.mp3"
1546,"55.65013350836639","37.47205903657228","ucfssdy3d2b2","music613.mp3"
1547,"56.047336440951504","38.02412822582467","ucgnc7076kub","music614.mp3"
1548,"55.48751831437592","37.212182656694985","ucf7wv1n4xne","music615.mp3"
1549,"55.87976876410873","37.80323232770611","ucfvuhx7ppvh","music616.mp3"
1550,"55.81664701817449","37.83353268444098","ucfvscje91ns","music617.mp3"
1551,"55.85866427011449","38.07391768621099","ucgjf2u869dx","music618.mp3"
1552,"55.92111729393068","37.36377692677194","ucfw4hpkp5g6","music619.mp3"
1553,"55.6244009492332","37.87569322977249","ucfumyh5xegu","music620.mp3"
1554,"55.81044951684639","37.57390685672675","ucftrpbrrmze","music621.mp3"
1555,"55.40963686033449","37.55944158401127","ucfenxjbw2vw","music622.mp3"
1556,"55.57550873908496","37.42127353827144","ucfs5t1qfcey","music623.mp3"
1557,"55.74639723293515","38.00656569372659","ucgj0u7d31tk","music624.mp3"
1558,"55.85622527558647","37.8783668337726","ucfvvbq4jgj6","music625.mp3"
1559,"55.888843543883034","37.63394502918244","ucfvbqk0n7x3","music626.mp3"
1560,"55.94008261780859","37.49534752592221","ucfwjpx68gjw","music627.mp3"
1561,"55.62252086217143","37.79535608764094","ucfukjc8xtkj","music628.mp3"
1562,"55.974057079298774","37.18381869050015","ucfqqju2tb8b","music629.mp3"
1563,"55.58428764479884","37.47476771408954","ucfshyb3cqhp","music630.mp3"
1564,"55.98182672252232","37.28117579265019","ucfw2r5mf2gs","music631.mp3"
1565,"55.68195987502483","37.87024900543994","ucfuvb86bv8k","music632.mp3"
1566,"55.81648169326567","38.03065949599061","ucgj93j4dd74","music633.mp3"
1567,"55.998311577217045","37.654974774233054","ucfy8f5tb9bh","music634.mp3"
1568,"55.90758103680377","37.12691795779045","ucfqhcdvrbkx","music635.mp3"
1569,"55.72169777841514","37.562853503857184","ucfsyzb6mvmd","music636.mp3"
1570,"55.47261187613256","37.48780063567083","ucfet43z3h65","music637.mp3"
1571,"55.70268896104845","37.357121328082414","ucfsfh6esjbd","music638.mp3"
1572,"55.824495259488636","37.65899228740229","ucfv8fw3q05v","music639.mp3"
1573,"56.11457808339656","37.82117601055559","ucfzhxke178b","music640.mp3"
1574,"55.445141407638395","37.2069928704519","ucf7qtmr3g2x","music641.mp3"
1575,"56.10293027370613","37.45193480036326","ucfxhjpxm24w","music642.mp3"
1576,"55.926336574512035","37.94300430976291","ucfypmj680f8","music643.mp3"
1577,"55.65678206813295","37.31909891852985","ucfs9hnbq01j","music644.mp3"
1578,"55.61384839409776","37.82363101683886","ucfuksnq4kxr","music645.mp3"
1579,"55.847711390089394","37.76119549878847","ucfveqbb7xun","music646.mp3"
1580,"55.86278283271605","37.67398452559424","ucfvc39273qz","music647.mp3"
1581,"55.723558591348656","37.47179995306677","ucfth8njk0pn","music648.mp3"
1582,"55.98270648481836","37.56601199998809","ucfwqz6dzsbu","music649.mp3"
1583,"55.76066725146913","37.7099538818165","ucfv4ngt3tg8","music650.mp3"
1584,"55.41326136183892","37.78586053677075","ucfg5zdvdkee","music651.mp3"
1585,"55.53759658213492","37.52208755316797","ucfevy6cbn2k","music652.mp3"
1586,"55.54814793306125","37.406703506039264","ucfs50nxrm7c","music653.mp3"
1587,"55.88460595966304","37.81053978751164","ucfvumkz3mtg","music654.mp3"
1588,"55.87764020413676","37.602862172434854","ucftzsjwf5n7","music655.mp3"
1589,"55.7033683117856","38.03791202081122","ucghcs6res6y","music656.mp3"
1590,"55.615301968456706","37.378105719039674","ucfs6s3ysgxw","music657.mp3"
1591,"55.66951698969183","37.16090372270059","ucfktw7dry45","music658.mp3"
1592,"55.579027407035596","37.48999790333884","ucfsjjg7k38s","music659.mp3"
1593,"55.4200244342563","37.505055100009955","ucfem2ym51k4","music660.mp3"
1594,"55.38902961455685","37.469270884122935","ucfehek23r3r","music661.mp3"
1595,"55.683065390339635","38.083788869711846","ucghf8gc2eep","music662.mp3"
1596,"55.69087562135675","37.26670256858972","ucfsb40yc5em","music663.mp3"
1597,"55.685301095326544","37.37820304866449","ucfsf91yrk2r","music664.mp3"
1598,"55.501531410986196","37.95625919196228","ucfgxxwzugq4","music665.mp3"
1599,"55.66583544472145","37.55741603540358","ucfswtskzpz4","music666.mp3"
1600,"55.625019527722486","37.72000802034157","ucfu6q4z5zhw","music667.mp3"
1601,"55.79408666676355","37.577908108667565","ucftrj52hex5","music668.mp3"
1602,"55.50371146681568","37.64201808916096","ucfgb84hd9ep","music669.mp3"
1603,"55.38384206963105","37.44164846970391","ucfeh424m8kw","music670.mp3"
1604,"55.56593611860571","37.51518366167651","ucfsjemxp1k2","music671.mp3"
1605,"55.57297315604284","37.347319793446324","ucfs1ug2p9h1","music672.mp3"
1606,"56.10111108572649","37.64612628363665","ucfz0svhdm47","music673.mp3"
1607,"55.37364073972101","37.184322787265224","ucf7n0kycdb9","music674.mp3"
1608,"55.6310453370252","37.83848603063253","ucfump34kdkp","music675.mp3"
1609,"55.39104476937811","37.43390124413734","ucfe5gds1p5u","music676.mp3"
1610,"55.75510390940408","37.942400345747025","ucfvpmuv408m","music677.mp3"
1611,"55.841917488688956","37.45145396117299","ucftsjxqdpuh","music678.mp3"
1612,"55.64723998273147","37.53627211893854","ucfsw4m0dt3h","music679.mp3"
1613,"55.538491316075714","37.19161204523959","ucf7yq6p5m5v","music680.mp3"
1614,"55.94040251138246","38.0352204537454","ucgn1x8kkygg","music681.mp3"
1615,"55.80169811240898","37.361638597515956","ucft6nmumq2z","music682.mp3"
1616,"55.66815988962973","37.91167915605663","ucfuwwn6w1hu","music683.mp3"
1617,"55.59934043357276","37.8750915360124","ucfumcec9s70","music684.mp3"
1618,"55.8608512777834","37.217743004339475","ucfmycjjh32t","music685.mp3"
1619,"55.671743072636964","37.819693576654196","ucfuswerqtp7","music686.mp3"
1620,"55.52437002334556","37.17288704965506","ucf7vgukzhc8","music687.mp3"
1621,"55.52006197697174","37.98782868326041","ucg5b7jgu9dn","music688.mp3"
1622,"55.76581013307542","38.07292473370537","ucgj4rgg7kqq","music689.mp3"
1623,"55.882824896509426","37.768496797784394","ucfvgmnjjc87","music690.mp3"
1624,"56.12243022078423","38.042278823422826","ucgp38v8c770","music691.mp3"
1625,"55.720870707229615","38.09337386322804","ucghfzdtxgnk","music692.mp3"
1626,"55.953254407052846","37.43976403922454","ucfw7cyz3dx7","music693.mp3"
1627,"55.99579158019617","37.805933006660446","ucfys39rnh4g","music694.mp3"
1628,"56.10723355489302","37.625370142607046","ucfz0njbqdmk","music695.mp3"
1629,"55.98350385033968","37.25423454251914","ucfqrxrxw9d8","music696.mp3"
1630,"55.605751370628155","37.9704679757043","ucgh249qbp35","music697.mp3"
1631,"55.43236016658614","37.524736847353466","ucfemghsvszu","music698.mp3"
1632,"55.76975612090749","37.279421685602955","ucft22d43kp9","music699.mp3"
1633,"55.490980024248096","37.53855909457217","ucfewjydru6m","music700.mp3"
1634,"55.793613541767286","37.96993831873471","ucgj2hbv7eqh","music701.mp3"
1635,"56.114572926694215","37.79502188500089","ucfzhp37pfdf","music702.mp3"
1636,"56.00910125038411","37.64383657821239","ucfy8s5ksvny","music703.mp3"
1637,"55.81341963886881","37.300487083653564","ucft8b92sre0","music704.mp3"
1638,"55.49539443532743","37.94109853887182","ucfgxqeu5emd","music705.mp3"
1639,"55.75852529324287","37.92657034014485","ucfvpn92cnkx","music706.mp3"
1640,"55.721632857140264","37.667075606529416","ucfucpu643pr","music707.mp3"
1641,"55.48348664731536","37.23758423220582","ucf7xk7wdxe3","music708.mp3"
1642,"56.06974190063987","37.96533397858324","ucfyzzjtbmky","music709.mp3"
1643,"55.86907171178561","37.75317011557298","ucfvg4ehbtgf","music710.mp3"
1644,"55.9933867078566","37.750405809465626","ucfye13105yf","music711.mp3"
1645,"55.89566475564772","37.517216746693826","ucftvxrpye07","music712.mp3"
1646,"55.83673995945449","37.72496207710334","ucfvdky2x6dx","music713.mp3"
1647,"55.410391823526524","37.801512018910316","ucfghpnhzjdq","music714.mp3"
1648,"55.51687154882618","37.823172181451504","ucfgudtcpycq","music715.mp3"
1649,"55.84233505913231","37.65066584840252","ucfv8vb3hjer","music716.mp3"
1650,"55.599007674009776","37.859596085665814","ucfum92x8w0z","music717.mp3"
1651,"55.82986663900821","37.3146589499106","ucft95e8w96q","music718.mp3"
1652,"55.60889800718438","37.73284370959363","ucfu6ek1qczt","music719.mp3"
1653,"55.515101910221695","37.84313221631941","ucfgv4hwbvhd","music720.mp3"
1654,"55.3870165129896","37.7693005289098","ucfg56yub2pw","music721.mp3"
1655,"55.76228066928171","37.64116245000114","ucfv0x1qydt0","music722.mp3"
1656,"55.40815735192537","37.951545075347326","ucfgpwerzj5h","music723.mp3"
1657,"55.9165785399776","37.43939626706179","ucfw5gq99jtp","music724.mp3"
1658,"56.07632932300047","37.451411145815655","ucfxh0rk31kn","music725.mp3"
1659,"55.7653804906135","37.39950003276884","ucft5pc2zs2k","music726.mp3"
1660,"55.76568451351578","37.806437189259945","ucfvhrcf9v4c","music727.mp3"
1661,"55.80568313024166","37.55131411919212","ucftqx059j34","music728.mp3"
1662,"55.72430512816757","38.04666420369058","ucgj1b29xe35","music729.mp3"
1663,"55.933366835691515","37.79280629553105","ucfy5yrgkpqc","music730.mp3"
1664,"55.78507719670711","37.954990612814335","ucfvremgxkh7","music731.mp3"
1665,"56.07008997170392","37.84047422120683","ucfyvp4xfyqd","music732.mp3"
1666,"55.545609895220366","37.76025176700856","ucfggrb0tshm","music733.mp3"
1667,"55.57372255821748","37.432725120708646","ucfs5ucsmswz","music734.mp3"
1668,"56.12864353541111","38.0895375997215","ucgp69zvn99b","music735.mp3"
1669,"55.59226321405854","37.66289532929788","ucfu30323hfp","music736.mp3"
1670,"55.857479922756504","38.034550640669586","ucgjc2xcmkbw","music737.mp3"
1671,"55.52099855020693","37.331215687748845","ucfec7rc227b","music738.mp3"
1672,"55.59006402390672","38.037301699466234","ucgh1xcgt75b","music739.mp3"
1673,"56.13931959384","37.41144563448054","ucfx77f5jzet","music740.mp3"
1674,"56.15126318827226","37.9854365842866","ucgp2qh0uf47","music741.mp3"
1675,"55.58398385340859","37.92860865611696","ucfupnfb0ts6","music742.mp3"
1676,"56.08420217571091","37.482822017142425","ucfxhcy4jj1c","music743.mp3"
1677,"55.56767021303748","37.43346118362336","ucfs5gf1nue8","music744.mp3"
1678,"55.62601106418486","37.5181409501753","ucfsmwrvh019","music745.mp3"
1679,"56.032795921340444","37.474207880955134","ucfwu8rysq4x","music746.mp3"
1680,"56.114960053631606","37.54565778570448","ucfxnr7vm4xx","music747.mp3"
1681,"55.952149747964086","37.50346661332425","ucfwm3v0yhew","music748.mp3"
1682,"55.930170795426065","38.07580014194045","ucgn4mvby7w2","music749.mp3"
1683,"55.94951958562675","38.05964923655485","ucgn6161w47k","music750.mp3"
1684,"55.37495707814218","38.04975886950677","ucg51bdyx8ht","music751.mp3"
1685,"56.14688618432764","37.55026516165618","ucfxqmpr2d5n","music752.mp3"
1686,"55.73757521949375","37.21084337656229","ucfmnf8ngmpg","music753.mp3"
1687,"56.089436440811824","37.23716541372849","ucfrp6g28ufc","music754.mp3"
1688,"55.416009693538165","37.72728933709758","ucfg680jtscy","music755.mp3"
1689,"55.77209634627594","37.71115440912753","ucfv61h2j86c","music756.mp3"
1690,"55.681101616867004","37.91443387041228","ucfuyb2mymdu","music757.mp3"
1691,"55.36688307252823","37.55744403355946","ucfdyxhrrzh4","music758.mp3"
1692,"56.08947135816933","37.65233027926701","ucfz0fc8fgk3","music759.mp3"
1693,"55.45428553354624","37.84320054898708","ucfgmphsdkpd","music760.mp3"
1694,"55.700079742439684","37.91369334299266","ucfuyezump6v","music761.mp3"
1695,"55.97879123266169","37.38873358381759","ucfw6y9sheh2","music762.mp3"
1696,"55.534388968299844","37.4126697232833","ucfegmep62km","music763.mp3"
1697,"55.96749578731311","38.09509142216609","ucgn6uefrcqu","music764.mp3"
1698,"55.93982328709781","37.790115929353995","ucfy5ztcjdbg","music765.mp3"
1699,"55.364023359755045","37.89669946146522","ucffyqewc1gp","music766.mp3"
1700,"55.79793571487688","37.979835189428385","ucgj2m8nd31e","music767.mp3"
1701,"56.01783338974975","37.48303833002875","ucfwsvwrd150","music768.mp3"
1702,"55.433740516275265","37.48994104873723","ucfem57kfynn","music769.mp3"
1703,"55.66123709539054","38.09490354502001","ucghdugf5wdu","music770.mp3"
1704,"55.54860831505299","37.40640367101658","ucfs50qd07h5","music771.mp3"
1705,"55.40760561805997","38.08221811679756","ucg54wdseyrc","music772.mp3"
1706,"55.73399161306508","37.23616876424037","ucfmp64d195f","music773.mp3"
1707,"55.824601955797775","37.66598674116612","ucfv94e9ch53","music774.mp3"
1708,"55.97465175578545","38.080401530976324","ucgn6tc7cxm7","music775.mp3"
1709,"55.861009661247934","37.34886053668014","ucftcchtgwby","music776.mp3"
1710,"55.89492767115697","37.790851924863766","ucfvgzq7w9tx","music777.mp3"
1711,"55.77562097996643","37.987967919472474","ucgj23tuxc3f","music778.mp3"
1712,"55.35634173289302","37.273774576396384","ucfdbjmfjfhb","music779.mp3"
1713,"55.75589638092903","37.572496170418255","ucftnyp3ws7t","music780.mp3"
1714,"55.41148758128937","37.666166029802795","ucfg1p7em3cn","music781.mp3"
1715,"55.40273791242189","37.92651902750369","ucfgpjc0rfyk","music782.mp3"
1716,"55.733893747038834","37.902847374588625","ucfvnd012qg6","music783.mp3"
1717,"55.3747000227592","37.76706442018237","ucfg52tjh2k2","music784.mp3"
1718,"55.82441853962625","37.63041706142342","ucfv8698u3be","music785.mp3"
1719,"56.07131589987749","37.783854088979545","ucfygz3r5dge","music786.mp3"
1720,"55.84416715835728","37.12884157457091","ucfmsyh7ueqb","music787.mp3"
1721,"56.00462050097591","37.368476012099315","ucfwd76fs9gq","music788.mp3"
1722,"55.98299564390532","37.697867850253466","ucfy3z6sxfz8","music789.mp3"
1723,"55.71553264442003","37.76341138833666","ucfugqdqx206","music790.mp3"
1724,"55.81786367737981","37.164577579421874","ucfmt9q6t7vw","music791.mp3"
1725,"55.643741350200536","37.680600449562455","ucfu93whm9hn","music792.mp3"
1726,"55.37918071088852","37.25456450156128","ucf7p9rzn788","music793.mp3"
1727,"56.03595173423246","37.44690314125353","ucfwu1h104db","music794.mp3"
1728,"55.65832376193264","37.145239841493314","ucfktk234zd3","music795.mp3"
1729,"55.652588540342464","37.19671080954311","ucfkw7jzf4mv","music796.mp3"
1730,"55.428593413886695","37.412902537707645","ucfe767nzydn","music797.mp3"
1731,"55.68892973067218","37.70263292985038","ucfuccy5x0bt","music798.mp3"
1732,"55.849321646541966","37.823359594026655","ucfvsxn1uhjh","music799.mp3"
1733,"55.681713584335256","37.45709262632894","ucfsu2e3mx8x","music800.mp3"
1734,"55.63075732234778","37.195432269573","ucfkqrkbsku9","music801.mp3"
1735,"55.63555964065045","37.28380900362405","ucfs82jhxsnb","music802.mp3"
1736,"56.01380746699846","37.91071345221424","ucfywtj8pdsb","music803.mp3"
1737,"55.91433378122487","37.70873849693054","ucfy44fst733","music804.mp3"
1738,"55.58955775610563","37.629610749460284","ucfu0rc09kxk","music805.mp3"
1739,"55.85453528855739","37.987070592925754","ucgjb2j26bhc","music806.mp3"
1740,"55.74864777860556","37.875556152483355","ucfvjuspkmjt","music807.mp3"
1741,"55.8422796996511","37.71913085741441","ucfvdmf0z7qm","music808.mp3"
1742,"55.435857106389314","37.35885992080314","ucfe65gck8bb","music809.mp3"
1743,"56.13168423154311","37.35977317586768","ucfx64kwcb3f","music810.mp3"
1744,"55.85570842886977","37.67355675895367","ucfvc21p16xz","music811.mp3"
1745,"55.45099731077299","37.421756898603924","ucfe7w99qph7","music812.mp3"
1746,"55.55490172000639","37.64699357050416","ucfu09mwy831","music813.mp3"
1747,"55.392051290179104","37.36944378122942","ucfe47gd54ub","music814.mp3"
1748,"56.04484412227463","37.88606933756312","ucfyy4euckhv","music815.mp3"
1749,"56.00158660737594","37.83037748453249","ucfysfg0zsmu","music816.mp3"
1750,"55.468922579791716","37.54352863691834","ucfew3f3gseg","music817.mp3"
1751,"55.368487952478596","37.90911358326089","ucffyxs8f65z","music818.mp3"
1752,"55.74994553465037","37.72540779448491","ucfv4kyycxnf","music819.mp3"
1753,"55.47186628688237","37.4410931160445","ucfeefrg09qe","music820.mp3"
1754,"55.80505623070713","37.410362662436185","ucft7r12h8kp","music821.mp3"
1755,"55.852501984979355","37.1700888840166","ucfmtzdkmugp","music822.mp3"
1756,"55.678837658165776","37.58493365900417","ucfsz2088rtg","music823.mp3"
1757,"55.38654799408667","37.467105996675556","ucfehdfdnbgh","music824.mp3"
1758,"55.60408872399059","37.97645935701199","ucgh24mt79kt","music825.mp3"
1759,"55.52649635898972","37.95399793640552","ucfgzsm3230h","music826.mp3"
1760,"56.13238824295898","37.2504765244132","ucfrrdsfz586","music827.mp3"
1761,"55.464596488892006","37.65168717334232","ucfg8c10eyhv","music828.mp3"
1762,"55.66964451822339","37.786048799799254","ucfuey6gnvbh","music829.mp3"
1763,"55.45605457264459","37.96151908342916","ucfgrz6wztb5","music830.mp3"
1764,"55.590111334648796","38.02580988539583","ucgh1rceceff","music831.mp3"
1765,"55.72253099151287","38.00855361881602","ucghbzuzr2xs","music832.mp3"
1766,"55.915056638241374","37.479935532698846","ucfwhgh0cf19","music833.mp3"
1767,"55.98866307968254","37.668754903506056","ucfy90mt9e72","music834.mp3"
1768,"55.82818504973099","37.2553574043277","ucfmxg0w8xzz","music835.mp3"
1769,"55.443216872567966","37.481771191241016","ucfekvjkhsdr","music836.mp3"
1770,"56.06642698071195","37.14481411501639","ucfqvq848gsb","music837.mp3"
1771,"55.856639074136616","37.68926125000714","ucfvc8kkx2nn","music838.mp3"
1772,"55.41487226449595","37.38645793515421","ucfe4xzzp8gt","music839.mp3"
1773,"55.64493367845192","38.02224804774865","ucgh91ygnx7n","music840.mp3"
1774,"55.53721737173106","37.78295537293758","ucfggy0xwxtq","music841.mp3"
1775,"55.38416063720565","38.083050475304645","ucg54d7hp7ue","music842.mp3"
1776,"55.861549108910616","37.62166138785347","ucfvb17305xb","music843.mp3"
1777,"55.543238845008645","38.10266256156417","ucg5gp3db6hm","music844.mp3"
1778,"55.4562407557245","37.78402179526379","ucfg7z92p889","music845.mp3"
1779,"56.09221247252709","37.30966772717441","ucfx1520f628","music846.mp3"
1780,"55.74040394297918","37.79619030494603","ucfvh54r7h6j","music847.mp3"
1781,"55.969564486691496","37.179996753736496","ucfqqhcwkenc","music848.mp3"
1782,"56.138274125512616","37.975215759615836","ucgp25stnsv1","music849.mp3"
1783,"55.55329238680314","38.0341505788941","ucgh13pt7uq1","music850.mp3"
1784,"56.07279666694692","37.362420555481535","ucfwfpwrxqzu","music851.mp3"
1785,"55.97739514344911","37.43601733012873","ucfw7yk5fqv8","music852.mp3"
1786,"55.882846249494236","38.11880304432703","ucgjgmjm0mxd","music853.mp3"
1787,"55.6748708966524","37.925233194894254","ucfuxp239upt","music854.mp3"
1788,"55.788778524511294","37.89289584278856","ucfvqk0c0qp4","music855.mp3"
1789,"55.4996409255655","37.892092485047115","ucfgwr2hvfbj","music856.mp3"
1790,"55.91614790817193","37.56591449476752","ucfwng4xjm2n","music857.mp3"
1791,"55.92264211898687","37.70497947856449","ucfy1urvj8n6","music858.mp3"
1792,"55.63163880368258","37.329912403366365","ucfs3rqvf105","music859.mp3"
1793,"56.00262661075158","37.71885966760607","ucfyd6fncnk2","music860.mp3"
1794,"55.85944441918609","37.705875465298895","ucfvf0bsfe4t","music861.mp3"
1795,"55.375732405185","37.641161748398034","ucfg08c7n8sq","music862.mp3"
1796,"56.10120459569557","37.345045985816085","ucfx1ucv4ws8","music863.mp3"
1797,"55.46425417553156","37.13969432553021","ucf7t0uq9w77","music864.mp3"
1798,"55.4338706373307","37.23088879177865","ucf7r5qtww6y","music865.mp3"
1799,"56.07498089434528","37.516972468397384","ucfxj8ph2y46","music866.mp3"
1800,"55.53908030177813","37.548320139268604","ucfeyqtfe6by","music867.mp3"
1801,"55.37505629493064","37.80331951604154","ucfgh0xx14wj","music868.mp3"
1802,"56.052875729123876","37.92473330172398","ucfyyupgwm6g","music869.mp3"
1803,"55.90581561245447","37.20896904431807","ucfqn9qdzz6k","music870.mp3"
1804,"55.89212582115416","37.38617458786737","ucftfwzg1p2m","music871.mp3"
1805,"55.89402134362639","37.15532827430937","ucfmvrpwmbub","music872.mp3"
1806,"55.83519774425177","37.25167159273192","ucfmxsmzdg78","music873.mp3"
1807,"56.02866904152785","37.73185974600269","ucfydxew8hcv","music874.mp3"
1808,"55.8396063805194","37.1899716295176","ucfmwm2cm1hf","music875.mp3"
1809,"55.99549982468342","37.97307722061464","ucgn81ejkvdx","music876.mp3"
1810,"55.669183527028174","37.98264474976522","ucgh8q607zbw","music877.mp3"
1811,"55.46771134029046","37.604952278700154","ucfex9x4ffuf","music878.mp3"
1812,"55.69430807730721","37.7785829870621","ucfugdvdbg90","music879.mp3"
1813,"56.08717886864479","38.08779433066585","ucgp4dqemzvy","music880.mp3"
1814,"55.503324218222446","37.47076443455004","ucfeu8j6k1e1","music881.mp3"
1815,"55.88337058596333","37.509069994310885","ucftvt320xmd","music882.mp3"
1816,"55.40163710960125","37.894573925684945","ucfgnm9cztdq","music883.mp3"
1817,"55.436503078821104","37.25184311649688","ucf7revvnc5m","music884.mp3"
1818,"55.43814125979776","37.58665987979931","ucferk1y8dsc","music885.mp3"
1819,"56.12862561950255","37.14247323186811","ucfrm1ykfq5m","music886.mp3"
1820,"55.445615568133235","37.440195575028326","ucfe7vx45gc7","music887.mp3"
1821,"55.790216128813924","37.3080043523913","ucft2uqced06","music888.mp3"
1822,"55.59986745682152","38.07490194879397","ucgh63tk9w88","music889.mp3"
1823,"55.48113281945453","37.58119510846755","ucfexhjc12f0","music890.mp3"
1824,"56.05212750888628","37.39453997774404","ucfwfgvz7cvu","music891.mp3"
1825,"55.671909967101534","37.38288518770466","ucfsdwv2kk5w","music892.mp3"
1826,"55.67136202859915","38.08788584374952","ucghdwwv0n44","music893.mp3"
1827,"55.44381069784167","37.38474775461832","ucfe6tnxxg2m","music894.mp3"
1828,"55.56403595922407","37.8671906137409","ucfujen5crpc","music895.mp3"
1829,"55.947225269594696","38.07836528229611","ucgn62zu4nxn","music896.mp3"
1830,"55.868039815621934","37.81740267451207","ucfvud3ycm7q","music897.mp3"
1831,"55.486423442793146","37.52989384506318","ucfewhbrvgj0","music898.mp3"
1832,"55.78504991709025","37.667444656661814","ucfv35ke7p42","music899.mp3"
1833,"55.54457516730628","37.68939697418166","ucfgcxsdde72","music900.mp3"
1834,"55.73447662190301","37.56498876377857","ucftnf1uzemz","music901.mp3"
1835,"56.06802801253238","37.293543119828286","ucfwbwu7ftcq","music902.mp3"
1836,"55.938060691108824","37.19739205847945","ucfqnrnqf43c","music903.mp3"
1837,"55.6711805987099","37.739265527893735","ucfudy8uhs5z","music904.mp3"
1838,"55.660497558797495","37.903756598728464","ucfuws8tvsc2","music905.mp3"
1839,"55.749083138788755","37.168931122553786","ucfmjuc9fy7f","music906.mp3"
1840,"55.75862636980253","37.27029834273666","ucft0ne3sckd","music907.mp3"
1841,"56.10701057365469","37.828047331732186","ucfzhvcx12u6","music908.mp3"
1842,"55.481841547322","37.68171585542232","ucfg9knvpsgu","music909.mp3"
1843,"55.55193429877898","37.846075523371965","ucfuj0ytmrp7","music910.mp3"
1844,"55.39207089664785","37.249108395950024","ucf7pegfpnkm","music911.mp3"
1845,"55.7450856921767","37.278868839231215","ucft0k1dst5k","music912.mp3"
1846,"56.1227995651671","37.17694461071692","ucfrmbz7j855","music913.mp3"
1847,"55.96991657081318","38.030326299027166","ucgn3mhb6udt","music914.mp3"
1848,"55.43731322580636","37.92390300661724","ucfgqup3fbpw","music915.mp3"
1849,"55.49339997612994","37.85459730384048","ucfgtqkbkp99","music916.mp3"
1850,"55.587633567757166","37.46944812866074","ucfshxkmmmvw","music917.mp3"
1851,"55.81501448896513","37.85104288747491","ucfvt2f610z4","music918.mp3"
1852,"55.41734083817956","37.672032671586834","ucfg30rvmvpd","music919.mp3"
1853,"56.11215553810064","37.202770068485705","ucfrnwfhzrgv","music920.mp3"
1854,"55.640097836482404","38.047475533055255","ucgh9bcr43yp","music921.mp3"
1855,"55.63517366960523","38.08677103729489","ucghd8jfqh4f","music922.mp3"
1856,"55.64081035615469","37.45463535383429","ucfss31ehqb6","music923.mp3"
1857,"55.57977489892859","37.83620235029428","ucfuhvzrxkvr","music924.mp3"
1858,"55.70700689056358","37.622160477412194","ucfubj5sgfsp","music925.mp3"
1859,"55.82585564704701","37.62511505326314","ucfv84vc0tz0","music926.mp3"
1860,"55.6462790896031","37.22407503604494","ucfkx41epf60","music927.mp3"
1861,"55.68664969428659","37.51582005507137","ucfsv9qnjzyu","music928.mp3"
1862,"56.08511534417393","37.47342476455849","ucfxh9zr6p68","music929.mp3"
1863,"55.46850477461013","37.89719819777846","ucfgw3ezkwxp","music930.mp3"
1864,"55.592057731463655","38.090816661865034","ucgh6b0zhqet","music931.mp3"
1865,"55.84708744123102","37.996829798124864","ucgj8wsky79u","music932.mp3"
1866,"55.50000070163502","38.077972072590505","ucg5drrwcjcz","music933.mp3"
